generation,mean_error,min_error,mean_non_struct_ef,min_non_struct_ef,mean_non_sem_ef,min_non_sem_ef
0,16.63,3.8,0.68875,0.125,0.7275,0.25
1,16.71,7.8,0.676864,0.125,0.725273,0.375
2,16.98,7.8,0.665429,0.125,0.723414,0.375
3,15.645,5.8,0.667664,0.125,0.715434,0.375
4,14.89,1.8,0.705106,0.125,0.729416,0.25
5,14.106,5.8,0.713609,0.25,0.736322,0.428571
6,13.404,4.7,0.71956,0.375,0.744976,0.375
7,12.359,3.7,0.728124,0.428571,0.745386,0.428571
8,11.675,2.7,0.720877,0.333333,0.730239,0.333333
9,11.411,3.7,0.73534,0,0.741701,0
10,10.86,3.7,0.739812,0.2,0.749784,0.4
11,11.107,4.7,0.743005,0.333333,0.744719,0.333333
12,11.445,4.8,0.744092,0.333333,0.751972,0.333333
13,11.472,2.7,0.724084,0.333333,0.733512,0.333333
14,10.886,4.2,0.739425,0.2,0.742925,0.2
15,10.975,3.7,0.730438,0.4,0.730438,0.4
16,10.156,4.4,0.715962,0.2,0.718121,0.2
17,10.391,4.4,0.728343,0.5,0.736843,0.5
18,10.504,2.8,0.732352,0.25,0.734463,0.25
19,10.613,3.8,0.736681,0.428571,0.74315,0.5
20,10.33,4.2,0.761906,0.5,0.764584,0.625
21,10.593,4.7,0.749441,0.5,0.751941,0.5
22,10.813,4.2,0.749985,0.5,0.754092,0.5
23,11.494,4.2,0.728446,0.428571,0.732553,0.428571
24,10.809,1.2,0.738689,0.5,0.744047,0.5
25,10.843,3.5,0.75899,0.428571,0.765955,0.6
26,10.663,4.5,0.747404,0.6,0.747404,0.6
27,10.735,4.7,0.737016,0.333333,0.738266,0.333333
28,10.867,5.8,0.737806,0.333333,0.740917,0.333333
29,11.178,5.3,0.747395,0,0.749593,0
30,10.857,4.1,0.761009,0.333333,0.761779,0.333333
31,11.148,4.3,0.778129,0.571429,0.781631,0.571429
32,10.549,3.8,0.770928,0.333333,0.775145,0.333333
33,11.042,4.3,0.770904,0.3,0.773451,0.333333
34,11.568,3.9,0.778326,0.333333,0.781348,0.333333
35,11.118,4.4,0.77016,0.333333,0.771271,0.333333
36,11.615,4.2,0.770127,0.428571,0.771555,0.428571
37,10.947,4.9,0.745874,0.4,0.750269,0.4
38,11.526,3.4,0.747263,0.333333,0.754964,0.333333
39,10.887,4.7,0.744634,0.333333,0.752587,0.333333
40,11.034,4,0.761531,0.428571,0.768289,0.571429
41,10.543,4.4,0.758676,0.555556,0.766101,0.555556
42,11.386,5.6,0.773408,0.555556,0.778525,0.555556
43,11.015,3.4,0.754528,0.272727,0.759709,0.333333
44,11.052,4.8,0.74594,0,0.752339,0
45,10.947,4.6,0.755238,0.333333,0.763534,0.333333
46,11.434,3.4,0.754915,0.444444,0.7666,0.444444
47,10.578,4.2,0.761983,0.6,0.773827,0.6
48,11.797,4.8,0.763709,0.571429,0.769459,0.571429
49,11.346,5.7,0.768707,0.5,0.773207,0.5
50,10.924,4.2,0.783147,0.625,0.784966,0.625
51,10.801,5,0.781028,0.571429,0.785096,0.571429
52,11.395,4.4,0.789379,0.6,0.791217,0.6
53,11.266,4,0.793961,0.5,0.795925,0.625
54,11.307,5.2,0.779771,0.333333,0.784072,0.333333
55,11.318,4.8,0.779763,0.333333,0.791336,0.333333
56,11.479,5.2,0.793167,0.5,0.801685,0.5
57,11.226,4.1,0.798456,0.5,0.801267,0.5
58,11.604,5,0.774944,0.333333,0.785595,0.5
59,11.241,4.4,0.769238,0.5,0.776402,0.5
60,11.414,4.9,0.764536,0.5,0.771853,0.5
61,11.44,4.8,0.757278,0.4,0.769661,0.5
62,11.178,3.1,0.757168,0.25,0.770991,0.5
63,10.659,4.6,0.783078,0.5,0.786764,0.5
64,11.825,4.6,0.778388,0.5,0.782014,0.5
65,11.606,2.8,0.765121,0.375,0.769158,0.375
66,11.271,4.5,0.757012,0.25,0.760656,0.25
67,11.004,4.6,0.762544,0.333333,0.767127,0.333333
68,11.318,3.7,0.76811,0.5,0.771124,0.5
69,11.687,5.1,0.755088,0.4,0.758067,0.4
70,10.63,2.7,0.764594,0.4,0.767161,0.4
71,10.958,5.7,0.763282,0.4,0.766298,0.4
72,11.295,2.7,0.765054,0.4,0.771877,0.4
73,10.571,3.6,0.788982,0.6,0.789339,0.6
74,11.862,4.1,0.781661,0.5,0.784623,0.5
75,10.754,5.4,0.768048,0.5,0.771705,0.5
76,11.312,3.9,0.772814,0.5,0.773185,0.5
77,11.076,4.5,0.745923,0.375,0.75128,0.5
78,11.293,2.4,0.73972,0.5,0.741685,0.5
79,11.274,3.4,0.735577,0.428571,0.737441,0.428571
80,12.567,4.7,0.725881,0,0.73112,0
81,11.874,4.3,0.724625,0,0.733066,0
82,11.448,4.7,0.73065,0,0.736761,0
83,11.799,4.8,0.709495,0.428571,0.720067,0.428571
84,10.648,4.7,0.700436,0.333333,0.710079,0.333333
85,9.781,3.5,0.713836,0.2,0.722836,0.4
86,11.025,2.7,0.714685,0.2,0.721542,0.5
87,11.016,3.5,0.711536,0.4,0.713203,0.4
88,10.272,4.3,0.69656,0.4,0.699877,0.4
89,10.854,2.7,0.704111,0.333333,0.710254,0.333333
90,10.339,4.5,0.718309,0.333333,0.719023,0.333333
91,10.096,4.4,0.710451,0.333333,0.710451,0.333333
92,10.414,4.5,0.728956,0.428571,0.734134,0.5
93,11.52,3.5,0.722722,0.333333,0.7319,0.333333
94,10.845,5.1,0.727086,0,0.735276,0
95,11.114,2.2,0.705933,0,0.715695,0
96,12.213,5.7,0.718871,0,0.734717,0
97,11.287,4.6,0.728951,0.333333,0.736011,0.333333
98,10.837,5.5,0.731311,0.333333,0.735518,0.333333
99,11.102,4.5,0.723081,0.5,0.733034,0.6
100,10.631,4.7,0.744965,0.5,0.747541,0.6
101,11.405,1.9,0.743907,0.5,0.747392,0.5
102,11.129,3.7,0.744422,0.428571,0.747279,0.5
103,10.857,3.7,0.74886,0.4,0.751693,0.6
104,10.72,2.9,0.759922,0.375,0.761172,0.375
105,10.881,4.5,0.743635,0.285714,0.748107,0.285714
106,10.577,4.7,0.738482,0.4,0.738482,0.4
107,10.165,3.9,0.748856,0.285714,0.753142,0.428571
108,11.546,5.2,0.750831,0,0.75428,0
109,10.425,3.8,0.746405,0,0.747516,0
110,10.567,3.8,0.736116,0,0.739545,0
111,11.133,4.9,0.760831,0,0.760831,0
112,11.205,4.9,0.769419,0,0.773245,0
113,10.796,3.8,0.763097,0.5,0.765458,0.5
114,11.479,5.8,0.758872,0.375,0.762282,0.375
115,11.029,3.9,0.774815,0.333333,0.775815,0.333333
116,10.7,4.9,0.776596,0.5,0.776596,0.5
117,10.912,4.8,0.766552,0.444444,0.767461,0.444444
118,10.176,4.2,0.766683,0.333333,0.768704,0.333333
119,11.489,4.7,0.745109,0.333333,0.754303,0.333333
120,10.983,4.4,0.753865,0.4,0.759337,0.5
121,10.719,4.6,0.760724,0.3,0.761633,0.3
122,11.177,4.7,0.758207,0.375,0.761719,0.5
123,10.709,4.2,0.77162,0.6,0.773564,0.6
124,10.167,2.5,0.73823,0.333333,0.73823,0.333333
125,10.507,4.7,0.73971,0.571429,0.7434,0.6
126,10.948,3.4,0.751875,0.6,0.752708,0.6
127,10.889,5.8,0.733788,0.333333,0.735931,0.333333
128,10.96,4.5,0.715978,0.166667,0.718121,0.166667
129,10.725,3.6,0.711133,0.333333,0.715102,0.333333
130,10.775,3.3,0.70113,0.333333,0.702558,0.333333
131,11.22,5.3,0.719077,0.333333,0.720327,0.333333
132,10.843,2.6,0.701628,0.333333,0.704965,0.333333
133,10.338,3.6,0.716126,0.333333,0.720887,0.333333
134,10.725,5.5,0.69804,0.333333,0.704231,0.333333
135,10.411,2.5,0.69781,0,0.702333,0
136,10.837,4.6,0.696168,0.4,0.700692,0.4
137,10.392,5.6,0.68961,0.333333,0.696991,0.333333
138,10.735,3.6,0.703371,0.333333,0.713133,0.333333
139,10.732,3.7,0.691897,0.5,0.697492,0.5
140,11.96,5.2,0.671587,0.333333,0.681111,0.333333
141,10.689,2.9,0.683635,0.333333,0.690468,0.333333
142,11.306,4.6,0.681301,0.2,0.689468,0.4
143,10.608,2.7,0.673412,0,0.680912,0
144,11.795,5.7,0.697037,0,0.703465,0
145,11.89,4.6,0.674686,0,0.681114,0
146,11.518,5.6,0.678277,0.4,0.685039,0.5
147,11.283,4.6,0.67756,0.333333,0.686727,0.333333
148,11.043,2.6,0.674661,0.333333,0.683423,0.333333
149,10.899,4.6,0.689514,0.5,0.691181,0.571429
150,10.601,4.6,0.676616,0.5,0.680782,0.5
151,11.191,3.5,0.67111,0.333333,0.679039,0.333333
152,11.388,3.8,0.6858,0.4,0.689228,0.4
153,11.325,1.5,0.688657,0.4,0.690323,0.4
154,10.699,2.6,0.672821,0.333333,0.676488,0.333333
155,10.656,3.5,0.677963,0.333333,0.677963,0.333333
156,10.664,4.6,0.664807,0.333333,0.664807,0.333333
157,12.64,3.6,0.677142,0.333333,0.682551,0.333333
158,12.522,6.3,0.703844,0.333333,0.708189,0.333333
159,11.607,3.6,0.668952,0.2,0.674619,0.333333
160,11.644,4.5,0.647175,0,0.65027,0
161,11.487,4.7,0.649269,0.25,0.650698,0.25
162,11.646,4.8,0.649769,0,0.656019,0.2
163,11.525,3.9,0.653201,0.25,0.655701,0.333333
164,11.123,4.5,0.648071,0,0.650071,0.2
165,11.81,4.5,0.664131,0.166667,0.670575,0.25
166,10.955,4.5,0.702687,0.333333,0.702687,0.333333
167,10.756,3.7,0.673348,0,0.680206,0.2
168,11.101,2.8,0.703619,0,0.707619,0.2
169,10.826,4.5,0.715524,0.5,0.718619,0.5
170,11.164,3.8,0.691742,0.2,0.700806,0.4
171,10.992,3.7,0.695103,0.285714,0.704738,0.428571
172,11.486,4.9,0.690975,0.333333,0.699626,0.4
173,11.196,2.7,0.683101,0.25,0.690351,0.375
174,11.392,3.6,0.680276,0.4,0.688816,0.428571
175,10.922,4,0.667345,0.333333,0.672662,0.4
176,11.291,4.5,0.703119,0.333333,0.708214,0.5
177,11.99,4.5,0.67304,0.285714,0.680135,0.4
178,11.649,2.5,0.684626,0.333333,0.689722,0.333333
179,10.722,4.6,0.691507,0.333333,0.693507,0.333333
180,11.25,4.5,0.707944,0.333333,0.709944,0.333333
181,10.553,3.9,0.689364,0.285714,0.692222,0.333333
182,10.794,4.5,0.687356,0.333333,0.689356,0.333333
183,11.891,4.5,0.68685,0.4,0.6941,0.4
184,11.08,3.5,0.687606,0.4,0.695106,0.5
185,11.227,3,0.679495,0,0.691423,0
186,11.618,4.5,0.669841,0.25,0.680091,0.333333
187,11.148,4.6,0.683491,0.25,0.691991,0.25
188,11.454,4.4,0.693803,0.333333,0.703755,0.333333
189,11.642,4.4,0.685993,0.333333,0.692422,0.333333
190,11.759,2.4,0.672079,0.25,0.672079,0.25
191,10.906,3.4,0.685102,0,0.685102,0
192,11.446,4.5,0.669774,0,0.674774,0
193,10.686,4.2,0.67108,0,0.67608,0
194,11.744,5.3,0.675469,0,0.678469,0
195,11.297,5.3,0.671746,0,0.678746,0
196,11.232,4.4,0.654224,0,0.655133,0
197,11.8,3.4,0.636281,0,0.647281,0
198,11.316,4.4,0.676905,0,0.684905,0
199,11.986,4.4,0.62578,0,0.628447,0
200,11.264,4.4,0.67784,0,0.67984,0
201,11.548,4.4,0.629718,0,0.640718,0
202,12.006,5.7,0.642626,0,0.646626,0
203,12.218,4.7,0.643508,0,0.656842,0.25
204,11.922,4.4,0.669023,0.333333,0.68369,0.333333
205,11.734,3.4,0.652566,0.25,0.669066,0.333333
206,11.529,4.4,0.639637,0.25,0.654066,0.333333
207,10.861,4.3,0.665999,0,0.683697,0
208,11.433,5.2,0.637533,0.2,0.659815,0.2
209,11.906,4.5,0.633869,0,0.656584,0
210,11.629,4.7,0.662157,0.25,0.675586,0.25
211,11.002,4.7,0.677089,0.333333,0.696927,0.333333
212,11.024,4.8,0.678005,0.333333,0.703938,0.333333
213,10.583,4.8,0.674724,0.333333,0.699645,0.333333
214,10.277,4.3,0.683208,0.3,0.705367,0.333333
215,11.471,5.4,0.684615,0,0.696282,0.333333
216,10.257,3.9,0.710055,0,0.716889,0
217,10.722,4,0.714729,0,0.719229,0.25
218,11.847,2.5,0.728111,0.25,0.735778,0.333333
219,11.372,3.8,0.756658,0.333333,0.761928,0.333333
220,10.525,5,0.745806,0.25,0.747806,0.25
221,11.174,5,0.752712,0.5,0.75453,0.5
222,11.34,4.9,0.757587,0.333333,0.757587,0.333333
223,11.305,4.4,0.75651,0.5,0.75901,0.5
224,10.869,3.9,0.747795,0.333333,0.754656,0.333333
225,11.946,5.5,0.735364,0.166667,0.738975,0.166667
226,10.902,5,0.726906,0.166667,0.726906,0.166667
227,10.942,5.1,0.735196,0.166667,0.741234,0.166667
228,10.907,4,0.741572,0.166667,0.745106,0.166667
229,10.608,2.8,0.738745,0.166667,0.741472,0.166667
230,10.296,4.4,0.766803,0.333333,0.770803,0.333333
231,10.618,3.9,0.761682,0.333333,0.765682,0.333333
232,10.832,3.7,0.763063,0.333333,0.763063,0.333333
233,10.917,3.8,0.766552,0,0.767321,0
234,10.775,4.7,0.758214,0,0.758214,0
235,10.669,4.7,0.741898,0,0.743565,0
236,10.866,5.2,0.769084,0,0.769709,0
237,10.85,5.1,0.787238,0.333333,0.790711,0.333333
238,10.255,4.2,0.784521,0.333333,0.784521,0.333333
239,10.806,3.3,0.761475,0.333333,0.763836,0.333333
240,11.32,4.9,0.779674,0,0.784008,0.333333
241,12.211,5.4,0.778006,0.5,0.784527,0.5
242,11.627,4.8,0.788814,0.5,0.79807,0.5
243,11.662,5.4,0.784316,0.333333,0.788571,0.333333
244,11.077,5.4,0.778991,0.454545,0.786377,0.5
245,10.469,2.6,0.797541,0.5,0.800398,0.5
246,10.955,4.8,0.81633,0.5,0.816955,0.5
247,10.506,2.8,0.812249,0.5,0.812874,0.5
248,11.309,5.6,0.798559,0.5,0.800722,0.5
249,10.561,3.8,0.788228,0.5,0.793695,0.5
250,11.745,2.9,0.791484,0.25,0.799369,0.5
251,11.614,4.8,0.7693,0.25,0.778575,0.375
252,12.134,3.8,0.782907,0.5,0.797463,0.6
253,11.233,3.4,0.80243,0.555556,0.810165,0.6
254,11.334,4.5,0.799121,0.5,0.808047,0.5
255,10.471,4.1,0.797684,0.454545,0.808872,0.454545
256,10.787,4.8,0.796686,0.583333,0.807914,0.6
257,11.3,4.3,0.780781,0.5,0.793973,0.5
258,11.408,4.5,0.75946,0.4,0.772516,0.6
259,10.491,3.8,0.76355,0.5,0.772511,0.5
260,11.11,3.6,0.761271,0.5,0.769993,0.5
261,11.495,4.1,0.774385,0.272727,0.788003,0.454545
262,12.138,4,0.783434,0.5,0.792981,0.5
263,11.712,4.8,0.768215,0.461538,0.785454,0.5
264,11.72,4.6,0.758363,0.333333,0.770554,0.333333
265,11.023,5.8,0.758888,0.5,0.771746,0.5
266,10.241,4.1,0.763275,0.5,0.767671,0.5
267,11.008,1.8,0.754588,0.5,0.758874,0.5
268,11.203,3.6,0.753703,0.375,0.759425,0.375
269,11.351,3.9,0.738814,0.5,0.749112,0.5
270,10.793,2.8,0.750254,0.5,0.753794,0.5
271,11.277,4.7,0.740093,0.375,0.751847,0.5
272,11.698,3.8,0.733214,0.3,0.747801,0.4
273,11.073,3.8,0.73315,0.428571,0.741245,0.428571
274,11.228,4.6,0.743304,0.5,0.749567,0.5
275,10.877,3.4,0.737658,0.4,0.744829,0.4
276,11.273,3.9,0.725769,0.285714,0.734369,0.4
277,11.371,4.7,0.721368,0.333333,0.729929,0.333333
278,10.839,4.8,0.727981,0.333333,0.737993,0.333333
279,11.146,4.5,0.723352,0.4,0.73267,0.4
280,10.574,3.5,0.730111,0.5,0.73972,0.5
281,10.411,4.9,0.712354,0.4,0.730808,0.4
282,10.908,3.9,0.735497,0.5,0.750398,0.5
283,10.96,3.5,0.718741,0.25,0.734829,0.5
284,10.424,5.1,0.721513,0.5,0.728172,0.5
285,10.546,4.5,0.727201,0.5,0.73036,0.5
286,10.7,4.9,0.718345,0.5,0.721504,0.5
287,11.551,1.8,0.725083,0.5,0.731333,0.6
288,12.034,2.9,0.711105,0.333333,0.717788,0.4
289,10.578,3.8,0.702868,0.4,0.711833,0.4
290,11.336,4,0.717704,0.4,0.722382,0.4
291,12.18,4.5,0.712801,0.4,0.717639,0.4
292,10.473,4.8,0.717207,0,0.717207,0
293,11.706,3.4,0.719452,0,0.726611,0
294,11.953,3.8,0.711105,0,0.725113,0
295,10.975,2.4,0.701995,0,0.704852,0
296,11.336,4.1,0.718126,0.428571,0.719555,0.5
297,10.738,4.7,0.721441,0.333333,0.728691,0.333333
298,10.849,4.7,0.724779,0.333333,0.726938,0.333333
299,11.489,3.7,0.707775,0.333333,0.707775,0.333333
300,11.579,3.7,0.707481,0.333333,0.713195,0.333333
301,11.11,3.7,0.715255,0.428571,0.726505,0.5
302,10.945,3.7,0.718353,0,0.72535,0
303,10.888,4.7,0.722491,0.333333,0.729098,0.333333
304,10.476,3.7,0.729047,0.333333,0.730475,0.333333
305,11.233,3.1,0.726868,0.285714,0.729725,0.428571
306,11.37,3.9,0.738962,0.333333,0.74078,0.333333
307,11.729,4.1,0.734281,0.333333,0.738376,0.333333
308,11.148,2.9,0.751688,0.333333,0.751688,0.333333
309,11.405,2.9,0.755168,0.333333,0.756596,0.333333
310,10.404,4.1,0.752458,0.333333,0.752458,0.333333
311,10.903,3.9,0.76776,0.6,0.770549,0.6
312,10.956,3.1,0.778426,0.6,0.779676,0.6
313,11.914,3.9,0.77148,0.333333,0.776381,0.333333
314,11.253,2.7,0.770648,0.571429,0.770648,0.571429
315,10.489,1.7,0.772098,0.5,0.773917,0.5
316,11.677,4.1,0.78653,0.571429,0.789939,0.571429
317,10.513,4.1,0.763998,0.428571,0.77034,0.571429
318,11.126,4.7,0.75759,0.428571,0.762857,0.428571
319,10.907,4.6,0.757709,0.272727,0.773236,0.285714
320,11.509,4.1,0.761329,0.333333,0.768519,0.333333
321,11.043,4.1,0.771506,0.333333,0.780212,0.333333
322,10.879,3.1,0.769273,0.5,0.78168,0.5
323,11.121,5.6,0.759275,0.333333,0.772028,0.5
324,11.026,4.1,0.755212,0.285714,0.762125,0.428571
325,11.349,3.2,0.74995,0.333333,0.752288,0.333333
326,11.122,2.1,0.745285,0.285714,0.75407,0.428571
327,12.001,3.6,0.743521,0.333333,0.751613,0.333333
328,11.189,4.1,0.738084,0.142857,0.745537,0.142857
329,11.188,3.7,0.753086,0.142857,0.755308,0.142857
330,10.558,5.7,0.759025,0.333333,0.762156,0.333333
331,10.659,3.1,0.77116,0.428571,0.775518,0.571429
332,10.945,4.5,0.767412,0.285714,0.768841,0.285714
333,10.859,3.5,0.774991,0.5,0.779829,0.5
334,11.045,4.2,0.761606,0,0.766713,0
335,10.824,4.7,0.795032,0.5,0.796851,0.5
336,10.417,3.7,0.794592,0.4,0.795426,0.4
337,11.679,4.2,0.795187,0.428571,0.801192,0.571429
338,12.031,4.5,0.800269,0.5,0.800936,0.5
339,11.683,4.2,0.785832,0.5,0.785832,0.5
340,11.542,4.5,0.795436,0.5,0.796103,0.5
341,11.904,4.6,0.778169,0.363636,0.781578,0.454545
342,11.616,3.2,0.807948,0.5,0.807948,0.5
343,12.655,4.5,0.792804,0.25,0.797923,0.25
344,11.554,2.8,0.778789,0,0.789552,0
345,11.846,4.5,0.780419,0.25,0.791672,0.25
346,11.314,3.6,0.786634,0.4,0.796542,0.4
347,10.95,3.5,0.777193,0.4,0.789825,0.4
348,12.575,4.6,0.797032,0.5,0.806889,0.5
349,11.667,5.4,0.795026,0.5,0.805406,0.5
350,11.192,3.9,0.803001,0.5,0.812948,0.5
351,11.314,3.5,0.793369,0.529412,0.806145,0.571429
352,10.616,2.7,0.787829,0.4,0.797935,0.4
353,10.767,3.9,0.803815,0.6,0.812547,0.6
354,12.162,2.5,0.790609,0.473684,0.810461,0.6
355,11.239,3.9,0.801837,0.473684,0.823167,0.5
356,11.967,5.5,0.809568,0.555556,0.823591,0.666667
357,11.103,3.9,0.801513,0.545455,0.810062,0.545455
358,11.156,3.9,0.805725,0.5,0.812974,0.5
359,11.897,3.9,0.798709,0.555556,0.805435,0.666667
360,12.041,4.5,0.800716,0.333333,0.810867,0.333333
361,11.028,3.6,0.78084,0.333333,0.798463,0.333333
362,11.07,1.1,0.781866,0.416667,0.797106,0.5
363,11.718,2,0.782946,0.416667,0.803432,0.5
364,11.267,2.2,0.793153,0.416667,0.805785,0.5
365,11.421,3.2,0.783146,0.333333,0.798495,0.5
366,11.106,2.2,0.791304,0.416667,0.800471,0.5
367,10.112,2.9,0.78774,0.416667,0.802334,0.5
368,10.305,4.2,0.783037,0.416667,0.799224,0.5
369,11.129,5,0.797411,0.428571,0.809812,0.571429
370,10.888,4.9,0.785334,0.363636,0.799144,0.454545
371,11.126,3.9,0.785242,0.444444,0.797609,0.555556
372,11.073,4.1,0.781132,0.428571,0.797066,0.555556
373,10.741,3.6,0.766232,0.363636,0.792217,0.545455
374,10.34,4.1,0.75661,0.333333,0.782839,0.333333
375,10.911,3,0.785363,0.333333,0.808202,0.333333
376,10.629,2.2,0.789372,0.444444,0.812538,0.666667
377,10.389,4,0.788627,0.444444,0.808516,0.6
378,10.804,3.6,0.785556,0.444444,0.802944,0.583333
379,11.751,4.1,0.783278,0.333333,0.804291,0.555556
380,10.633,4.1,0.790431,0.444444,0.806139,0.545455
381,11.192,4.8,0.800553,0.454545,0.814376,0.454545
382,11.044,3.2,0.810593,0.636364,0.822766,0.7
383,10.248,3.1,0.814978,0.642857,0.820762,0.7
384,11.49,3.5,0.822525,0.375,0.831216,0.5
385,10.529,4.1,0.825566,0.5,0.833747,0.5
386,10.776,4.1,0.823369,0.5,0.831446,0.545455
387,9.652,3.4,0.828794,0.6,0.836848,0.6
388,11.998,4.3,0.83632,0.615385,0.838969,0.642857
389,11.584,3.4,0.827977,0.6,0.834702,0.692308
390,11.017,3.4,0.825735,0.428571,0.833222,0.538462
391,11.187,4.5,0.826254,0.538462,0.829182,0.538462
392,11.519,4.1,0.835535,0.666667,0.838028,0.666667
393,11.869,3.5,0.832951,0.666667,0.835556,0.666667
394,11.155,2.7,0.828644,0.555556,0.830932,0.583333
395,10.462,3.9,0.831892,0.636364,0.835013,0.714286
396,11.274,3.3,0.824138,0.642857,0.829129,0.642857
397,11.05,5.1,0.830108,0.625,0.835163,0.714286
398,11.206,3.3,0.817633,0.454545,0.82196,0.454545
399,10.886,3.2,0.820811,0.5,0.820811,0.5
400,10.714,3.2,0.81475,0.555556,0.816326,0.555556
401,10.32,4.1,0.827272,0.5,0.828181,0.5
402,10.297,4.2,0.83648,0.692308,0.837249,0.714286
403,12.009,4.2,0.829261,0.529412,0.83281,0.588235
404,11.74,2.1,0.832608,0.571429,0.838497,0.7
405,10.015,4.1,0.845177,0.6,0.849502,0.6
406,11.987,4.1,0.833256,0.642857,0.836635,0.642857
407,10.631,3.2,0.824461,0.583333,0.827794,0.583333
408,10,3,0.823645,0.636364,0.826221,0.636364
409,11.868,4,0.828172,0.545455,0.828172,0.545455
410,10.915,2.1,0.833665,0.444444,0.834975,0.444444
411,12.074,3.7,0.823649,0.619048,0.831077,0.636364
412,11.299,5.1,0.832234,0.642857,0.835829,0.642857
413,11.594,4.1,0.828041,0.571429,0.830227,0.571429
414,11.352,2.4,0.826943,0.571429,0.82736,0.571429
415,11.446,3.4,0.829391,0.571429,0.830057,0.571429
416,10.908,4.3,0.8265,0.5,0.828048,0.5
417,10.77,4.1,0.830232,0.272727,0.831141,0.272727
418,10.779,2.4,0.825219,0.625,0.826717,0.625
419,10.835,3.1,0.817334,0.5,0.819866,0.5
420,11.118,4.3,0.827266,0.636364,0.827266,0.636364
421,11.065,4.1,0.822614,0.454545,0.822614,0.454545
422,10.489,3.6,0.824071,0.5,0.824659,0.5
423,11.724,2.6,0.822548,0.5,0.82665,0.5
424,11.394,2.5,0.823928,0.545455,0.829754,0.6
425,10.935,3.1,0.822706,0.5,0.826361,0.5
426,10.244,4.4,0.823476,0.545455,0.826395,0.6
427,11.697,2.8,0.819896,0.6,0.821661,0.6
428,10.889,2.5,0.81177,0.538462,0.817685,0.6
429,12.075,4,0.797073,0.375,0.801002,0.375
430,11.982,3.6,0.804767,0.375,0.808736,0.375
431,11.747,4.1,0.809877,0.25,0.812965,0.25
432,10.836,4.4,0.807053,0.375,0.810928,0.375
433,11.488,2.9,0.817572,0.6,0.821572,0.6
434,11.55,4.7,0.813314,0.333333,0.817556,0.333333
435,11.782,2.4,0.819492,0.6,0.820117,0.6
436,11.366,3.3,0.809418,0.333333,0.809418,0.333333
437,11.271,4.4,0.807316,0.333333,0.811423,0.333333
438,10.481,4.9,0.813817,0.571429,0.816397,0.615385
439,11.508,3.4,0.811966,0.571429,0.816156,0.571429
440,10.556,4.3,0.809041,0.545455,0.814236,0.571429
441,11.123,4.3,0.812829,0.571429,0.818226,0.571429
442,10.811,3.6,0.816243,0.5,0.821634,0.5
443,11.3,3.3,0.8166,0.5,0.819457,0.5
444,11.687,4.3,0.830323,0.571429,0.83395,0.666667
445,11.402,4.3,0.835498,0.428571,0.836748,0.428571
446,12.217,4.3,0.83823,0.625,0.843715,0.625
447,10.962,4.3,0.825934,0.625,0.829616,0.625
448,11.036,3.8,0.822623,0.333333,0.825674,0.333333
449,11.033,4.4,0.839886,0.625,0.842827,0.625
450,10.622,3.4,0.831194,0.555556,0.836118,0.555556
451,10.907,5,0.832588,0.571429,0.837611,0.642857
452,10.215,2.4,0.830896,0.5,0.836395,0.5
453,10.92,4.3,0.834752,0.571429,0.838948,0.615385
454,11.187,4.4,0.83908,0.5,0.842463,0.5
455,11.179,1.9,0.836371,0.571429,0.840468,0.571429
456,10.541,4.5,0.843896,0.333333,0.846158,0.333333
457,10.616,3.4,0.844471,0.583333,0.850146,0.666667
458,10.101,4.3,0.837107,0.583333,0.844051,0.666667
459,11.062,3.3,0.845369,0.571429,0.850726,0.642857
460,10.559,2.4,0.833175,0.5,0.843137,0.5
461,10.942,3.4,0.836864,0.529412,0.841706,0.529412
462,10.501,3.4,0.8457,0.5,0.851486,0.571429
463,9.953,3.4,0.842256,0.642857,0.850262,0.714286
464,11.277,3.7,0.83573,0.571429,0.845373,0.642857
465,10.793,4.4,0.837982,0.6,0.84453,0.6
466,11.239,3.5,0.839879,0.6,0.845406,0.6
467,10.954,4.1,0.84317,0.6,0.849403,0.6
468,11.019,3.6,0.84685,0.5,0.850421,0.571429
469,11.003,3.4,0.853143,0.7,0.856,0.7
470,11.733,3.7,0.837824,0.6,0.847418,0.636364
471,11.291,3.1,0.836733,0.5,0.846376,0.5
472,11.329,4.1,0.840906,0.6,0.846069,0.6
473,11.242,3.5,0.84252,0.6,0.848147,0.7
474,12.158,5.1,0.825829,0.583333,0.830943,0.583333
475,11.247,1.8,0.831502,0.444444,0.836672,0.6
476,11.214,2.8,0.839239,0.444444,0.843152,0.666667
477,10.826,3,0.823756,0.444444,0.827234,0.5
478,11.576,4.1,0.826894,0.625,0.829001,0.666667
479,11.649,4.8,0.802969,0.333333,0.81289,0.333333
480,11.237,1.8,0.809656,0.333333,0.820335,0.333333
481,10.993,2.9,0.818573,0.538462,0.821009,0.615385
482,11.697,3.5,0.820384,0.444444,0.828105,0.444444
483,11.245,4.5,0.828695,0.466667,0.836951,0.6
484,11.141,3.8,0.811674,0,0.817396,0
485,11.584,3.1,0.810515,0.533333,0.816127,0.666667
486,10.875,3.5,0.819414,0.5,0.826942,0.625
487,12.105,3.8,0.809128,0.461538,0.820691,0.6
488,12.85,3.9,0.813354,0.333333,0.818329,0.333333
489,13.368,2.9,0.817701,0.333333,0.822239,0.333333
490,12.873,4.1,0.803818,0.5,0.816081,0.5
491,12.293,3.9,0.809376,0.5,0.824589,0.5
492,12.254,3.5,0.812415,0.444444,0.822474,0.444444
493,12.346,4.5,0.81397,0.4,0.827224,0.5
494,11.719,3.3,0.82513,0.4,0.834455,0.5
495,12.22,5.3,0.825304,0.5,0.829432,0.6
496,10.952,3.2,0.834477,0.6,0.836675,0.6
497,11.343,3.7,0.820364,0.375,0.825408,0.375
498,11.223,3.9,0.834058,0.571429,0.838382,0.571429
499,11.339,2.8,0.826789,0.571429,0.833263,0.571429
500,11.697,5.1,0.829583,0.6,0.831677,0.6
501,11.499,5.9,0.829376,0.6,0.834333,0.6
502,11.769,4.3,0.840628,0.6,0.845799,0.6
503,11.308,3.6,0.839467,0.538462,0.845477,0.6
504,11.089,3.9,0.843535,0.5,0.85074,0.6
505,11.801,1,0.83611,0.4,0.845004,0.5
506,11.336,3,0.827953,0.4,0.829953,0.6
507,12.333,3.5,0.833374,0.4,0.834283,0.4
508,12.329,2.6,0.829749,0.5,0.830749,0.6
509,11.142,2.9,0.850855,0.555556,0.852605,0.555556
510,11.38,4.5,0.860676,0.6,0.861926,0.6
511,11.449,3.9,0.848595,0.375,0.851095,0.444444
512,10.72,3.5,0.833943,0.333333,0.842352,0.583333
513,10.749,3.5,0.826612,0.375,0.83277,0.4
514,11.686,3.6,0.826132,0.375,0.833382,0.6
515,12.318,2.9,0.836595,0.615385,0.841822,0.615385
516,11.694,3.5,0.846674,0.583333,0.849355,0.666667
517,11.501,2.6,0.843634,0.714286,0.846449,0.714286
518,12.319,3.4,0.840938,0.5,0.844864,0.5
519,11.931,4.5,0.854855,0.555556,0.855331,0.555556
520,12.275,3.5,0.855042,0.666667,0.855782,0.666667
521,11.471,3.5,0.858175,0.5,0.861127,0.666667
522,11.648,3.5,0.8599,0.333333,0.862679,0.333333
523,12.218,3.4,0.850967,0.333333,0.857388,0.333333
524,12.32,5.4,0.834791,0.333333,0.840971,0.333333
525,12.212,4.5,0.855748,0.333333,0.85858,0.333333
526,12.008,4.7,0.855886,0.5,0.861365,0.636364
527,11.022,4.5,0.849345,0.666667,0.854485,0.714286
528,11.871,3.7,0.836926,0.666667,0.841057,0.666667
529,11.478,2.5,0.846438,0.666667,0.851878,0.733333
530,12.12,4.5,0.846851,0.666667,0.852946,0.714286
531,11.345,3.4,0.845653,0.666667,0.849688,0.705882
532,11.749,5.4,0.851304,0.5,0.853304,0.5
533,11.385,4.5,0.843774,0.5,0.848696,0.5
534,11.67,4.5,0.838065,0.5,0.842097,0.5
535,11.83,3.8,0.837892,0.5,0.839273,0.5
536,10.983,4.9,0.844544,0.5,0.846433,0.5
537,10.809,4.5,0.852789,0.5,0.855488,0.666667
538,9.982,4.6,0.859458,0.705882,0.859458,0.705882
539,11.877,4.4,0.842507,0.545455,0.845818,0.636364
540,11.769,3.5,0.841112,0.454545,0.846082,0.545455
541,12.026,2.5,0.842845,0.545455,0.847808,0.6
542,11.058,5.5,0.849762,0.6,0.853498,0.777778
543,11.176,2.5,0.846755,0.6,0.847728,0.6
544,11.838,3.5,0.837704,0.5,0.840717,0.555556
545,11.864,5.1,0.841461,0.5,0.846369,0.555556
546,12.623,5.2,0.848838,0.555556,0.85137,0.6
547,12.359,2.5,0.841711,0.555556,0.847819,0.666667
548,10.203,4.4,0.841408,0.6,0.843575,0.6
549,11.222,3.5,0.83901,0.6,0.84201,0.6
550,13.061,4.2,0.821198,0.6,0.826616,0.6
551,12.034,4.5,0.829831,0.666667,0.836095,0.666667
552,12.269,5.2,0.815924,0.6,0.821341,0.642857
553,11.439,3.5,0.832869,0.636364,0.837285,0.636364
554,10.632,3.2,0.822652,0.533333,0.832089,0.666667
555,11.291,2.8,0.818328,0.6,0.825489,0.6
556,11.09,5.2,0.817155,0.583333,0.825794,0.666667
557,10.673,4.2,0.817987,0.416667,0.825738,0.416667
558,11.781,4.8,0.826429,0.416667,0.833629,0.416667
559,11.564,4.9,0.842754,0.727273,0.849049,0.75
560,10.589,4.9,0.845153,0.714286,0.847858,0.714286
561,11.317,4.5,0.852365,0.625,0.854558,0.625
562,11.367,3.5,0.850979,0.625,0.853479,0.625
563,12.163,5.2,0.840103,0.454545,0.846938,0.666667
564,12.935,5.2,0.836859,0.578947,0.841742,0.666667
565,10.96,4.8,0.839075,0.545455,0.842017,0.545455
566,12.302,5.2,0.822619,0.545455,0.831948,0.545455
567,11.785,4.2,0.805623,0.5,0.812699,0.5
568,12.087,4.2,0.789496,0.5,0.796759,0.5
569,10.705,3.8,0.79359,0.5,0.797384,0.5
570,11.316,4.2,0.789418,0.5,0.795452,0.5
571,11.22,4.2,0.781528,0.533333,0.789335,0.666667
572,10.825,3.2,0.781507,0.6,0.791743,0.666667
573,11.473,4.7,0.787137,0.6,0.798418,0.6
574,11.338,3.5,0.787888,0.466667,0.800161,0.533333
575,11.179,5.2,0.78057,0.466667,0.793347,0.533333
576,10.972,4.1,0.78006,0.466667,0.793639,0.533333
577,10.265,4.2,0.779665,0.4,0.789956,0.4
578,11.282,4.5,0.779567,0.4,0.790714,0.4
579,11.148,2.1,0.772659,0.571429,0.786816,0.571429
580,11.876,3.2,0.773565,0.333333,0.781192,0.333333
581,11.651,3.6,0.781256,0.142857,0.790611,0.142857
582,12.087,4.1,0.809479,0.625,0.816562,0.625
583,10.856,4.7,0.797473,0.526316,0.810762,0.625
584,11.058,4.6,0.795761,0.619048,0.803294,0.625
585,11.054,3.6,0.800065,0.571429,0.80855,0.625
586,10.347,4.1,0.809307,0.625,0.815491,0.625
587,10.607,3.3,0.796266,0.625,0.801917,0.625
588,10.968,3.1,0.796988,0.625,0.801926,0.625
589,11.165,4.1,0.791613,0.5,0.798433,0.5
590,11.939,4.2,0.794334,0.545455,0.8025,0.583333
591,11.607,3.8,0.784502,0.583333,0.792025,0.583333
592,11.489,1.9,0.78575,0.578947,0.799984,0.631579
593,11.76,1.9,0.783682,0.4,0.798256,0.4
594,11.189,1.9,0.784101,0.5,0.803013,0.5
595,10.888,1.9,0.767049,0.538462,0.78765,0.615385
596,9.548,1.9,0.75631,0.538462,0.777672,0.578947
597,10.591,1.9,0.760304,0.578947,0.782325,0.578947
598,8.287,1.9,0.751821,0.578947,0.771216,0.578947
599,7.368,1.9,0.746067,0.272727,0.758776,0.444444
600,8.663,1.6,0.746481,0.5,0.760246,0.5
601,8.347,1.6,0.745185,0.5,0.757935,0.5
602,7.494,1.6,0.718324,0.5,0.732871,0.5
603,6.738,1.6,0.69339,0.5,0.709562,0.5
604,6.407,1.6,0.691239,0.5,0.707367,0.5
605,5.356,1.6,0.678656,0.5,0.69485,0.5
606,7.528,1.6,0.67298,0.5,0.697122,0.5
607,7.309,1.6,0.667988,0.5,0.696922,0.5
608,5.154,1.6,0.646059,0.5,0.666329,0.5
609,6.904,1.6,0.650676,0.4375,0.672834,0.4375
610,3.656,1.6,0.626588,0.5,0.644291,0.5
611,4.94,1.6,0.608487,0.333333,0.631614,0.333333
612,5.507,1.3,0.600255,0.333333,0.619805,0.333333
613,5.909,1.3,0.601668,0.384615,0.617581,0.384615
614,6.791,1.3,0.618791,0.384615,0.632979,0.384615
615,6.867,1.3,0.610527,0.384615,0.628488,0.384615
616,6.449,1.3,0.594462,0.384615,0.607597,0.384615
617,7.344,1.4,0.630241,0.375,0.643687,0.4375
618,8.915,1.4,0.643765,0.4,0.662501,0.428571
619,7.61,1.4,0.640273,0.357143,0.659209,0.428571
620,8.233,1.4,0.652949,0.285714,0.671156,0.285714
621,8.064,1.4,0.63736,0.5,0.657895,0.5
622,7.695,1.2,0.629758,0.4375,0.649552,0.5
623,7.583,1.2,0.633445,0.357143,0.650615,0.428571
624,7.496,1.2,0.643768,0.428571,0.658649,0.5
625,7.078,1.2,0.613483,0.428571,0.628986,0.428571
626,7.581,1.2,0.614239,0.357143,0.642996,0.5
627,5.979,1.2,0.614527,0.428571,0.633956,0.5
628,7,1.4,0.616897,0.357143,0.641811,0.5
629,6.772,1,0.63103,0.357143,0.649667,0.4
630,6.009,1,0.599639,0.4,0.610738,0.4
631,7.417,1,0.611109,0.4,0.626105,0.4
632,6.248,1,0.591869,0.4,0.615684,0.4
633,5.545,1,0.588686,0.4,0.607242,0.4
634,7.286,1,0.582008,0.357143,0.606832,0.4
635,7.003,1,0.562484,0.3,0.592277,0.384615
636,5.549,1,0.535426,0.357143,0.555664,0.4
637,6.33,1,0.524912,0.2,0.547847,0.2
638,6.708,1,0.546225,0.285714,0.568048,0.4
639,6.72,1,0.553659,0.3,0.577772,0.3
640,5.689,1,0.548331,0.214286,0.572388,0.375
641,6.19,1,0.518598,0.2,0.542202,0.3
642,5.6,1,0.498674,0.3,0.52628,0.375
643,7.175,1,0.499123,0.3,0.523704,0.4
644,7.905,1,0.512129,0.3,0.545983,0.333333
645,6.959,1,0.523563,0.3,0.556003,0.375
646,6.449,1,0.515966,0.307692,0.547255,0.4
647,7.024,1,0.520506,0.307692,0.546468,0.384615
648,7.923,1,0.505319,0.307692,0.542476,0.4
649,7.277,1,0.501777,0.3,0.533782,0.3
650,7.484,1,0.494272,0.25,0.528849,0.25
651,7.918,1,0.489444,0.2,0.517462,0.2
652,6.748,1,0.489391,0.3,0.506541,0.384615
653,6.338,1,0.486842,0.3,0.500535,0.333333
654,5.894,1,0.45933,0.2,0.479714,0.2
655,6.075,1,0.47665,0.2,0.491022,0.2
656,6.602,1,0.48775,0.2,0.501527,0.3
657,7.734,1,0.48037,0.2,0.504421,0.3
658,6.919,1,0.504192,0.2,0.525751,0.3
659,5.851,0.9,0.48793,0.2,0.503007,0.3
660,6.338,1,0.491409,0.3,0.508486,0.3
661,7.52,1,0.492057,0.3,0.509819,0.3
662,7.321,1,0.495071,0.2,0.511145,0.285714
663,6.737,1,0.499231,0.2,0.516317,0.3
664,6.962,1,0.494133,0.166667,0.518728,0.166667
665,6.657,1,0.460673,0.2,0.484083,0.2
666,6.189,0.9,0.467368,0.2,0.489597,0.3
667,7.454,1,0.479123,0.2,0.5024,0.375
668,6.471,1,0.487961,0.2,0.521316,0.4
669,6.978,1,0.479284,0.2,0.508906,0.3
670,6.433,1,0.47849,0.2,0.512601,0.3
671,7.247,1,0.516195,0.2,0.536283,0.3
672,4.155,1,0.450891,0.2,0.469431,0.3
673,6.213,1,0.463168,0.2,0.490303,0.3
674,6.89,0.9,0.458389,0.2,0.485402,0.3
675,6.497,0.9,0.465285,0.2,0.492552,0.333333
676,9.402,1,0.49399,0.2,0.523448,0.3
677,7.683,0.9,0.473662,0.2,0.51197,0.3
678,6.83,0.9,0.467387,0.2,0.504359,0.2
679,5.397,0.7,0.461334,0.142857,0.48497,0.142857
680,6.684,0.7,0.491128,0.142857,0.515116,0.142857
681,7.148,0.7,0.478239,0.142857,0.500452,0.142857
682,5.751,0.7,0.458945,0.142857,0.479927,0.142857
683,5.446,0.7,0.459825,0.142857,0.480079,0.142857
684,7.046,0.7,0.483444,0.142857,0.49785,0.142857
685,7.423,0.7,0.49862,0.142857,0.519708,0.142857
686,7.218,0.7,0.474761,0.142857,0.496004,0.142857
687,7.332,0.7,0.494317,0.142857,0.503016,0.142857
688,7.677,0.7,0.501671,0.142857,0.517211,0.142857
689,8.802,0.7,0.493976,0.142857,0.51682,0.142857
690,7.8,0.7,0.487325,0.142857,0.505817,0.142857
691,7.019,0.7,0.433011,0.142857,0.447146,0.142857
692,7.793,0.7,0.431413,0.142857,0.444048,0.142857
693,7.877,0.7,0.458075,0,0.473361,0.142857
694,7.572,0.7,0.451781,0.142857,0.462305,0.142857
695,7.992,0.7,0.42169,0,0.442194,0.142857
696,6.631,0.7,0.418272,0,0.443542,0.142857
697,6.219,0.7,0.415993,0,0.43547,0.142857
698,6.151,0.7,0.424235,0,0.445005,0.142857
699,7.048,0.7,0.424325,0,0.443738,0.111111
700,7.193,0.7,0.431018,0,0.454062,0.142857
701,6.705,0.7,0.390392,0,0.419578,0.142857
702,6.92,0.7,0.403277,0,0.430363,0.142857
703,7.657,0.7,0.405661,0,0.434364,0.142857
704,7.934,0.7,0.427323,0,0.452755,0.142857
705,7.805,0.7,0.423644,0,0.452653,0.142857
706,7.186,0.7,0.398062,0.142857,0.422319,0.142857
707,7.423,0.7,0.395732,0.142857,0.422831,0.142857
708,7.319,0.7,0.417585,0.142857,0.432429,0.142857
709,5.854,0.7,0.331903,0.142857,0.346493,0.142857
710,7.065,0.7,0.353175,0.125,0.366209,0.142857
711,6.147,0.7,0.333558,0.142857,0.345906,0.142857
712,8.002,0.7,0.334591,0,0.353373,0
713,6.406,0.7,0.315369,0,0.330726,0
714,6.009,0.7,0.341391,0.142857,0.355676,0.142857
715,5.751,0.7,0.333063,0.142857,0.347674,0.142857
716,7.142,0.7,0.392767,0,0.405624,0.142857
717,7.301,0.7,0.35372,0,0.371863,0.142857
718,6.139,0.7,0.317558,0,0.342673,0.142857
719,6.027,0.7,0.330661,0.142857,0.3482,0.142857
720,6.615,0.7,0.366881,0.142857,0.383389,0.142857
721,7.724,0.7,0.372275,0.125,0.398223,0.142857
722,7.464,0.7,0.343359,0,0.375672,0.125
723,7.238,0.7,0.358857,0.125,0.384766,0.142857
724,5.59,0.7,0.327847,0,0.341795,0.142857
725,6.974,0.7,0.323512,0,0.339607,0.125
726,8.061,0.7,0.369924,0.111111,0.386368,0.125
727,8.316,0.7,0.366044,0,0.390563,0.125
728,7.187,0.7,0.332048,0,0.347702,0.142857
729,5.341,0.7,0.243385,0,0.266956,0.142857
730,6.876,0.7,0.322761,0,0.347972,0.125
731,8.21,0.7,0.388883,0.125,0.416288,0.142857
732,7.821,0.7,0.374934,0,0.396839,0.142857
733,7.871,0.7,0.352378,0.142857,0.366839,0.142857
734,7.395,0.7,0.375587,0.142857,0.386635,0.142857
735,6.949,0.7,0.343518,0.111111,0.364549,0.142857
736,7.497,0.7,0.368986,0.142857,0.383545,0.142857
737,7.323,0.7,0.377375,0,0.394391,0.142857
738,8.041,0.7,0.384883,0,0.40893,0.142857
739,8.437,0.7,0.410207,0,0.435187,0.142857
740,8.543,0.7,0.43292,0,0.46025,0.142857
741,8.837,0.7,0.417284,0,0.448006,0.142857
742,7.409,0.7,0.391655,0.125,0.413489,0.142857
743,6.397,0.7,0.358333,0.125,0.376377,0.125
744,8.301,0.7,0.365676,0,0.378946,0
745,5.987,0.7,0.349954,0.142857,0.362454,0.142857
746,6.067,0.7,0.319206,0,0.326488,0.125
747,7.471,0.7,0.356895,0,0.370684,0.142857
748,6.17,0.7,0.342856,0,0.352538,0.142857
749,7.776,0.7,0.39707,0.142857,0.408753,0.142857
750,8.151,0.7,0.402282,0.142857,0.423393,0.142857
751,7.726,0.7,0.366905,0,0.398969,0.142857
752,7.903,0.7,0.373195,0,0.401723,0.142857
753,7.066,0.7,0.327655,0,0.340333,0.142857
754,6.593,0.7,0.330641,0,0.351034,0.142857
755,7.82,0.7,0.349499,0,0.379582,0
756,7.52,0.7,0.339937,0,0.362008,0
757,7.323,0.7,0.327583,0.142857,0.349012,0.142857
758,8.896,0.7,0.368175,0,0.404143,0.142857
759,9.237,0.7,0.434147,0,0.462302,0.142857
760,7.515,0.7,0.396824,0.142857,0.430491,0.142857
761,7.314,0.7,0.346234,0.111111,0.364688,0.142857
762,7.504,0.7,0.38496,0,0.399635,0.142857
763,6.904,0.7,0.329809,0.142857,0.342718,0.142857
764,6.392,0.7,0.348734,0.142857,0.358969,0.142857
765,7.83,0.7,0.384589,0,0.397986,0.111111
766,9.737,0.7,0.416019,0,0.439107,0.142857
767,7.514,0.7,0.352151,0,0.368163,0.142857
768,8.25,0.7,0.408909,0.125,0.427302,0.142857
769,7.442,0.7,0.359433,0,0.382889,0.142857
770,9.168,0.7,0.42371,0,0.455476,0.142857
771,9.067,0.7,0.403639,0.125,0.430341,0.142857
772,8.221,0.7,0.412585,0.125,0.431803,0.142857
773,8.608,0.7,0.411613,0,0.436768,0.142857
774,8.213,0.7,0.399575,0.125,0.409198,0.142857
775,6.966,0.7,0.357202,0,0.370595,0.125
776,7.984,0.7,0.414154,0,0.429095,0.142857
777,8.027,0.7,0.452486,0,0.466173,0.142857
778,8.158,0.7,0.475682,0,0.490167,0.142857
779,7.968,0.7,0.439548,0,0.448743,0.142857
780,8.254,0.7,0.421135,0,0.448251,0.142857
781,7.882,0.7,0.423689,0,0.438829,0.142857
782,6.764,0.7,0.451375,0.142857,0.45982,0.142857
783,8.072,0.7,0.47516,0.142857,0.489054,0.142857
784,7.85,0.7,0.499374,0.142857,0.509534,0.142857
785,7.781,0.7,0.478546,0.142857,0.494004,0.142857
786,7.73,0.7,0.443275,0.142857,0.456593,0.142857
787,6.968,0.7,0.395275,0.142857,0.407375,0.142857
788,8.08,0.7,0.406044,0.142857,0.424455,0.142857
789,7.555,0.7,0.394696,0.142857,0.405054,0.142857
790,8.205,0.7,0.417196,0,0.429755,0.142857
791,9.21,0.7,0.420247,0.125,0.432569,0.142857
792,7.48,0.7,0.359883,0,0.375172,0.142857
793,6.535,0.7,0.354051,0.125,0.364944,0.142857
794,7.644,0.7,0.388451,0.125,0.403808,0.142857
795,7.982,0.7,0.395781,0.125,0.411317,0.142857
796,8.867,0.7,0.382891,0.125,0.411792,0.142857
797,8.989,0.7,0.394532,0,0.420004,0.142857
798,9.264,0.7,0.379349,0,0.411611,0
799,8.4,0.7,0.38581,0,0.417492,0.142857
800,7.472,0.7,0.337563,0,0.352345,0
801,7.269,0.7,0.351925,0.142857,0.368968,0.142857
802,6.282,0.7,0.354016,0.142857,0.369171,0.142857
803,6.913,0.7,0.34844,0.125,0.371881,0.142857
804,8.148,0.7,0.348671,0,0.373829,0
805,8.329,0.7,0.387036,0,0.420111,0.142857
806,7.977,0.7,0.389952,0,0.423956,0
807,7.565,0.7,0.381929,0,0.397444,0.142857
808,7.718,0.7,0.387782,0,0.406591,0.142857
809,7.278,0.7,0.344458,0,0.373288,0.142857
810,6.105,0.7,0.298999,0,0.324039,0
811,6.429,0.7,0.306369,0,0.330571,0.142857
812,6.516,0.7,0.311091,0,0.3325,0.142857
813,7.069,0.7,0.381807,0,0.395962,0.142857
814,7.414,0.7,0.350095,0,0.3664,0.142857
815,7.746,0.7,0.335859,0,0.364367,0.142857
816,7.637,0.7,0.369069,0,0.396891,0.142857
817,7.879,0.7,0.364727,0,0.389501,0.142857
818,6.729,0.7,0.293622,0,0.317297,0.142857
819,8.581,0.7,0.369185,0.125,0.387376,0.142857
820,6.715,0.7,0.329811,0.125,0.336596,0.142857
821,8.246,0.7,0.350943,0.111111,0.364808,0.125
822,7.392,0.7,0.334145,0,0.358506,0.125
823,6.926,0.7,0.313591,0,0.333091,0.125
824,6.134,0.7,0.294752,0.125,0.310645,0.125
825,7.217,0.7,0.305764,0.125,0.334891,0.142857
826,6.586,0.7,0.335216,0.125,0.354324,0.142857
827,7.036,0.7,0.347585,0.125,0.357602,0.142857
828,8.355,0.7,0.399032,0.125,0.418692,0.142857
829,8.13,0.7,0.364927,0,0.379546,0.142857
830,8.271,0.7,0.393977,0,0.409632,0.142857
831,8.578,0.7,0.378886,0.125,0.398724,0.142857
832,8.901,0.7,0.412596,0,0.430041,0.142857
833,8.968,0.7,0.410092,0.142857,0.425767,0.142857
834,8.272,0.7,0.369244,0.142857,0.379205,0.142857
835,9.311,0.7,0.448833,0.142857,0.470422,0.142857
836,8.86,0.7,0.425041,0.142857,0.441957,0.142857
837,7.668,0.7,0.391465,0.142857,0.405618,0.142857
838,7.174,0.7,0.390044,0.142857,0.405105,0.142857
839,5.967,0.7,0.387005,0.142857,0.396165,0.142857
840,5.829,0.7,0.333348,0.142857,0.34761,0.142857
841,6.09,0.7,0.350639,0.142857,0.356163,0.142857
842,7.083,0.7,0.358317,0.142857,0.371714,0.142857
843,7.495,0.7,0.352262,0.142857,0.37048,0.142857
844,6.946,0.7,0.348951,0,0.358951,0
845,6.046,0.7,0.330071,0,0.350007,0.142857
846,6.748,0.7,0.324825,0.111111,0.345905,0.142857
847,8.323,0.7,0.392238,0.142857,0.409746,0.142857
848,6.926,0.7,0.373698,0.142857,0.380524,0.142857
849,7.055,0.7,0.362926,0.142857,0.371498,0.142857
850,8.789,0.7,0.391437,0,0.413857,0.142857
851,8.81,0.7,0.446706,0.142857,0.461151,0.142857
852,7.652,0.7,0.380045,0.142857,0.396712,0.142857
853,7.693,0.7,0.364268,0.142857,0.369665,0.142857
854,8.192,0.7,0.373281,0.125,0.381674,0.142857
855,7.901,0.7,0.381186,0.142857,0.396043,0.142857
856,7.626,0.7,0.365278,0.142857,0.38123,0.142857
857,8.824,0.7,0.381631,0,0.400024,0.142857
858,9.414,0.7,0.39104,0,0.420944,0.142857
859,9.372,0.7,0.415919,0,0.434665,0.142857
860,7.692,0.7,0.40277,0,0.417849,0.142857
861,6.877,0.7,0.332671,0,0.349571,0.142857
862,7.224,0.7,0.34623,0,0.361944,0.142857
863,6.152,0.7,0.291266,0.125,0.297913,0.125
864,6.177,0.7,0.2935,0.111111,0.308004,0.142857
865,5.582,0.7,0.299667,0.125,0.303774,0.125
866,5.732,0.7,0.305155,0.125,0.31069,0.142857
867,5.563,0.7,0.274608,0,0.289478,0.142857
868,8.431,0.7,0.344215,0,0.362181,0.142857
869,8.744,0.7,0.417133,0.142857,0.422491,0.142857
870,7.855,0.7,0.34102,0,0.350841,0.125
871,7.808,0.7,0.343036,0.125,0.356536,0.142857
872,8.153,0.7,0.316815,0.125,0.337672,0.125
873,8.378,0.7,0.334508,0.125,0.357936,0.125
874,8.791,0.7,0.332859,0,0.356268,0.142857
875,8.015,0.7,0.373188,0.125,0.387954,0.125
876,9.37,0.7,0.433119,0,0.450083,0.142857
877,8.38,0.7,0.427567,0,0.447496,0.125
878,8.663,0.7,0.379956,0,0.398889,0.142857
879,7.79,0.7,0.389607,0,0.410956,0.142857
880,7.463,0.7,0.351433,0,0.372663,0.142857
881,7.854,0.7,0.377381,0.125,0.393381,0.142857
882,7.387,0.7,0.342536,0,0.359825,0.142857
883,9.448,0.7,0.392609,0,0.407359,0.142857
884,9.414,0.7,0.354871,0,0.383713,0.142857
885,8.337,0.7,0.387352,0,0.407481,0
886,8.314,0.7,0.397227,0,0.413731,0
887,8.156,0.7,0.380865,0,0.388008,0
888,8.757,0.7,0.400192,0,0.405589,0
889,8.629,0.7,0.391557,0,0.406097,0.142857
890,8.939,0.7,0.431543,0,0.45169,0.142857
891,10.144,0.7,0.444466,0,0.474779,0.142857
892,9.262,0.7,0.444781,0.111111,0.458996,0.142857
893,8.841,0.7,0.443926,0,0.451069,0.142857
894,8.475,0.7,0.415375,0,0.426879,0.142857
895,7.449,0.7,0.383478,0.125,0.396839,0.142857
896,7.505,0.7,0.387642,0.142857,0.399123,0.142857
897,8.643,0.7,0.425462,0,0.435395,0.142857
898,9.463,0.7,0.457683,0.142857,0.471374,0.142857
899,9.43,0.7,0.46447,0,0.486213,0.142857
900,9.663,0.7,0.460185,0.142857,0.473758,0.142857
901,10.296,0.7,0.478581,0.1,0.498934,0.142857
902,9.518,0.7,0.479876,0.1,0.498892,0.142857
903,8.394,0.7,0.445191,0,0.471643,0.142857
904,8.252,0.7,0.377015,0.1,0.410477,0.142857
905,7.313,0.7,0.380631,0,0.399206,0.142857
906,6.862,0.7,0.33822,0,0.355665,0
907,5.946,0.7,0.319157,0,0.328204,0.142857
908,6.591,0.7,0.311879,0,0.317593,0
909,5.163,0.7,0.287588,0.125,0.292945,0.142857
910,8.006,0.7,0.387478,0,0.396602,0
911,8.286,0.7,0.382904,0.142857,0.396237,0.142857
912,8.756,0.7,0.360636,0.142857,0.377398,0.142857
913,8.148,0.7,0.358487,0,0.370439,0
914,7.386,0.7,0.375136,0,0.384279,0.142857
915,9.518,0.7,0.390124,0,0.402918,0.142857
916,6.914,0.7,0.333056,0,0.345278,0.142857
917,6.664,0.7,0.328587,0,0.344984,0.142857
918,6.26,0.7,0.312718,0,0.329543,0.142857
919,6.054,0.7,0.293683,0,0.310508,0.142857
920,5.677,0.7,0.290377,0,0.303234,0
921,6.682,0.7,0.364746,0,0.368512,0
922,6.523,0.7,0.384295,0,0.388581,0
923,7.382,0.7,0.29575,0,0.310036,0
924,6.104,0.7,0.297153,0,0.304295,0
925,8.935,0.7,0.372597,0,0.378311,0
926,9.186,0.7,0.422789,0,0.438662,0.142857
927,9.01,0.7,0.416604,0,0.429461,0
928,9.094,0.7,0.416021,0.142857,0.430696,0.142857
929,9.652,0.7,0.438818,0.142857,0.452584,0.142857
930,10.609,0.7,0.484249,0,0.494249,0.142857
931,9.323,0.7,0.43165,0,0.440395,0.142857
932,9.422,0.7,0.426359,0,0.435684,0.142857
933,10.213,0.7,0.466531,0.142857,0.479848,0.142857
934,9.498,0.7,0.504403,0.142857,0.51763,0.142857
935,9.237,0.7,0.477804,0.142857,0.497162,0.142857
936,8.201,0.7,0.343345,0.142857,0.363044,0.142857
937,6.925,0.7,0.377776,0.142857,0.387257,0.142857
938,8.854,0.7,0.415179,0,0.432866,0.125
939,9.505,0.7,0.420075,0,0.438043,0.125
940,8.974,0.7,0.411506,0,0.430868,0.142857
941,7.896,0.7,0.333161,0,0.364462,0.142857
942,7.732,0.7,0.352777,0,0.38759,0.142857
943,7.871,0.7,0.359136,0,0.377612,0.125
944,10.039,0.7,0.431768,0,0.455391,0.142857
945,10.129,0.7,0.436753,0,0.454622,0.125
946,9.708,0.7,0.386411,0,0.415495,0
947,9.812,0.7,0.457469,0.142857,0.489868,0.142857
948,9.306,0.7,0.451241,0.142857,0.48238,0.142857
949,10.637,0.7,0.435537,0.142857,0.467212,0.142857
950,10.738,0.7,0.497058,0.142857,0.523455,0.142857
951,10.188,0.7,0.50157,0.142857,0.528661,0.142857
952,10.718,0.7,0.504251,0,0.536275,0
953,8.906,0.7,0.463729,0,0.488109,0.142857
954,9.169,0.7,0.430228,0,0.456035,0.142857
955,8.143,0.7,0.36226,0,0.388187,0.142857
956,7.872,0.7,0.382033,0,0.403946,0.142857
957,9.022,0.7,0.447457,0,0.468604,0.142857
958,7.843,0.7,0.398021,0,0.415589,0.142857
959,8.138,0.7,0.393599,0,0.410255,0.125
960,7.861,0.7,0.376961,0,0.398412,0
961,6.908,0.7,0.364587,0.125,0.385941,0.142857
962,5.982,0.7,0.334521,0.111111,0.34973,0.142857
963,6.052,0.7,0.326668,0.125,0.346659,0.142857
964,6.818,0.7,0.353674,0.125,0.373742,0.142857
965,6.746,0.7,0.329692,0.142857,0.354256,0.142857
966,7.746,0.7,0.359176,0,0.376741,0.142857
967,7.397,0.7,0.348952,0.142857,0.366889,0.142857
968,8.793,0.7,0.376508,0,0.390437,0
969,9.082,0.7,0.438139,0,0.45802,0
970,9.677,0.7,0.435179,0.142857,0.456726,0.142857
971,9.645,0.7,0.406111,0,0.429548,0.142857
972,10.053,0.7,0.437283,0,0.464676,0.142857
973,8.95,0.7,0.423501,0,0.450224,0.142857
974,8.846,0.7,0.403109,0,0.417394,0
975,8.302,0.7,0.391541,0,0.401113,0
976,10.178,0.7,0.429512,0,0.440083,0
977,7.744,0.7,0.347857,0,0.356,0
978,8.018,0.7,0.395913,0,0.411563,0
979,8.481,0.7,0.36834,0,0.38972,0
980,7.899,0.7,0.383025,0,0.394454,0.142857
981,7.802,0.7,0.359159,0,0.374694,0.142857
982,7.642,0.7,0.400429,0,0.411857,0.142857
983,8.09,0.7,0.370087,0,0.382516,0
984,7.699,0.7,0.380036,0.142857,0.389607,0.142857
985,8.776,0.7,0.354968,0,0.370647,0.125
986,6.585,0.7,0.307425,0.142857,0.319929,0.142857
987,7.588,0.7,0.298579,0.111111,0.312484,0.142857
988,7.623,0.7,0.352597,0,0.369815,0
989,7.145,0.7,0.332274,0,0.347381,0
990,6.664,0.7,0.314869,0.125,0.329548,0.142857
991,6.709,0.7,0.316286,0.142857,0.329937,0.142857
992,5.925,0.7,0.297357,0.142857,0.304865,0.142857
993,4.936,0.7,0.310075,0.125,0.315003,0.142857
994,6.443,0.7,0.343172,0.142857,0.348569,0.142857
995,6.004,0.7,0.317593,0,0.32045,0
996,5.878,0.7,0.292548,0,0.29969,0.142857
997,7.436,0.7,0.36931,0,0.37931,0.142857
998,7.61,0.7,0.375044,0.125,0.382008,0.142857
999,8.178,0.7,0.377835,0.142857,0.388665,0.142857
